{"cameraMode":{"drawMode":0,"name":"Shaded","section":"Shading Mode"},"sceneLighting":false,"audioPlay":false,"sceneViewState":{"showFog":false,"showMaterialUpdate":false,"showSkybox":false,"showFlares":false,"showImageEffects":false,"showParticleSystems":false},"in2DMode":false,"pivot":{"x":0.0,"y":14.979997634887696,"z":-0.000002384185791015625},"rotation":{"x":-0.05314081162214279,"y":-0.9468716979026794,"z":0.220001682639122,"w":-0.22869740426540376},"size":16.48272705078125,"orthographic":false}