{"cameraMode":{"drawMode":0,"name":"Shaded","section":"Shading Mode"},"sceneLighting":false,"audioPlay":false,"sceneViewState":{"showFog":true,"showMaterialUpdate":false,"showSkybox":false,"showFlares":false,"showImageEffects":false,"showParticleSystems":false},"in2DMode":false,"pivot":{"x":0.0,"y":0.9745551943778992,"z":-0.13453978300094605},"rotation":{"x":-0.18021255731582642,"y":0.3269703984260559,"z":-0.06366521120071411,"w":-0.9255138039588928},"size":1.6569627523422242,"orthographic":false}