{"cameraMode":{"drawMode":0,"name":"Shaded","section":"Shading Mode"},"sceneLighting":true,"audioPlay":false,"sceneViewState":{"showFog":true,"showMaterialUpdate":false,"showSkybox":true,"showFlares":false,"showImageEffects":false,"showParticleSystems":false},"in2DMode":false,"pivot":{"x":0.0011627553030848504,"y":1.5281717777252198,"z":0.3029829263687134},"rotation":{"x":-0.1858278065919876,"y":-0.0017600498395040632,"z":0.0004000095068477094,"w":-0.9826103448867798},"size":1.9392304420471192,"orthographic":false}