{"cameraMode":{"drawMode":0,"name":"Shaded","section":"Shading Mode"},"sceneLighting":true,"audioPlay":false,"sceneViewState":{"showFog":true,"showMaterialUpdate":false,"showSkybox":true,"showFlares":false,"showImageEffects":false,"showParticleSystems":false},"in2DMode":false,"pivot":{"x":0.0,"y":14.979997634887696,"z":-0.000002384185791015625},"rotation":{"x":-0.19308938086032868,"y":0.43834924697875979,"z":-0.09701570868492127,"w":-0.8724418878555298},"size":24.221323013305665,"orthographic":false}